verdict,precision,recall,hv_type
NA,82.64680931284758,61.426369623090935,ml_only
